name,prompt,negative_prompt
>>>专业摄影,,
魅力人像摄影-Portrait Photography Charismatic,"{prompt} with charisma. 50mm lens, f/2.8, focused on eyes, natural lighting","overexposed, underexposed, blurry, distorted, overprocessed"
电影风格人像摄影-Portrait Photography Cinematic,"cinematic portrait of {prompt}. 85mm lens, f/1.8, dramatic side lighting, moody atmosphere","overblown highlights, noisy, grainy, oversaturated, wide-angle distortion"
环境人像摄影-Portrait Photography Environmental,"environmental portrait of {prompt}. 35mm lens, f/4, wider context, natural surroundings","cluttered background, poor lighting, overexposed, underexposed, unsharp"
新闻摄影报道-Photojournalism Reportage,"gripping reportage of {prompt}. Wide-angle lens, f/8, focus on action, capture the moment","blurred action, low light noise, unsteady shot, out of focus, distorted perspective"
抓拍新闻摄影-Photojournalism Candid,"candid shot of {prompt}. 50mm lens, f/2.8, spontaneous, unposed","poor lighting, motion blur, out of focus, distracting background, overprocessed"
纪实新闻摄影-Photojournalism Documentary,"documentary style of {prompt}. 35mm lens, f/5.6, truthful representation, neutral perspective","overexposed, underexposed, oversaturated, motion blur, unsteady shot"
高级时装摄影-Fashion Photography Haute Couture,"haute couture display of {prompt}. 85mm lens, f/2.2, vibrant colors, dramatic lighting","flat lighting, out of focus, distracting background, overprocessed, oversaturated"
编辑时装摄影-Fashion Photography Editorial,"editorial fashion shot of {prompt}. 50mm lens, f/2.5, storytelling, focused on outfit","unflattering pose, poor lighting, blurry, distracting elements, overexposed"
目录时装摄影-Fashion Photography Catalog,"catalog shot of {prompt}. 70mm lens, f/5.6, neutral background, clear focus on attire","poor lighting, unflattering angles, distorted perspective, underexposed, oversaturated"
运动摄影动感十足-Sports Photography Action-packed,"action-packed shot of {prompt}. 200mm lens, f/2.8, high shutter speed, capture the peak moment","motion blur, underexposed, out of focus, distracting background, unsteady shot"
情感运动摄影-Sports Photography Emotional,"emotional moment in {prompt}. 135mm lens, f/4, capture expressions, ambient lighting","poor focus, high ISO noise, unsteady shot, underexposed, distorted colors"
叙事运动摄影-Sports Photography Narrative,"narrative image of {prompt}. 50mm lens, f/3.5, storytelling, context setting","unfocused, poor lighting, cluttered composition, overexposed, distorted perspective"
极简静物摄影-Still Life Photography Minimalistic,"minimalistic composition of {prompt}. 50mm lens, f/5.6, simplistic design, neutral colors","cluttered, oversaturated, unbalanced composition, poor lighting, overexposed"
戏剧性静物摄影-Still Life Photography Dramatic,"dramatic still life of {prompt}. 85mm lens, f/2.2, dramatic lighting, intense colors","flat lighting, blurry, underexposed, distracting elements, oversaturated"
乡村风静物摄影-Still Life Photography Rustic,"rustic presentation of {prompt}. 35mm lens, f/4, natural elements, warm tones","poor focus, overexposed, cluttered, cold colors, unbalanced composition"
调查性编辑摄影-Editorial Photography Investigative,"investigative shot of {prompt}. 24mm lens, f/4, informative, intriguing","blurry, underexposed, distorted perspective, high ISO noise, distracting elements"
生活方式编辑摄影-Editorial Photography Lifestyle,"lifestyle capture of {prompt}. 50mm lens, f/2.8, candid, vibrant colors","poor lighting, overprocessed, distracting background, motion blur, unsteady shot"
观点编辑摄影-Editorial Photography Opinion,"opinion image of {prompt}. 35mm lens, f/5.6, emotive, storytelling","poor focus, underexposed, cluttered composition, overexposed highlights, distorted colors"
历史建筑摄影-Architectural Photography Historical,"historical capture of {prompt}. 24mm lens, f/8, capture architectural details, natural lighting","distorted perspective, underexposed, overprocessed, unsharp, oversaturated"
现代主义建筑摄影-Architectural Photography Modernist,"modernist view of {prompt}. 18mm lens, f/4, minimalistic, strong lines","barrel distortion, overexposed, blurry, poor composition, flat colors"
超现实建筑摄影-Architectural Photography Surreal,"surreal perspective of {prompt}. Fisheye lens, f/2.8, abstract interpretation, vibrant colors","unfocused, poor lighting, underexposed, overprocessed, distracting elements"
>>>影视角色,,
电影-银翼杀手-Blade Runner,"Blade Runner {prompt} . Cyberpunk, neon-lit, rainy, dystopian, noir, cinematic, highly detailed","bright, sunny, utopian, cheerful, undetailed"
电影-星球大战-Star Wars,"Star Wars {prompt} . Space opera, galaxy far, far away, epic, iconic, cinematic, highly detailed","earthly, small scale, uniconic, undetailed"
电影-指环王-Lord of the Rings,"Lord of the Rings {prompt} . Epic fantasy, Middle-earth, vast landscapes, highly detailed","science fiction, cityscape, undetailed"
电影-黑客帝国-Matrix,"Matrix {prompt} . Cyberpunk, green tint, reality-bending, cinematic, highly detailed","rustic, brown tint, reality-based, undetailed"
电影-印第安纳·琼斯-Indiana Jones,"Indiana Jones {prompt} . Adventure, archaeology, exotic locations, cinematic, highly detailed","domestic, library, unadventurous, undetailed"
电影-疯狂的麦克斯-Mad Max,"Mad Max {prompt} . Post-apocalyptic, desert landscapes, dystopian, cinematic, highly detailed","utopian, lush landscapes, pre-apocalyptic, undetailed"
电影-2001太空漫游-2001: A Space Odyssey,"2001: A Space Odyssey {prompt} . Sci-fi, space exploration, monolith, cinematic, highly detailed","fantasy, earth exploration, monochrome, undetailed"
电影-异形-Alien,"Alien {prompt} . Sci-fi horror, space, xenomorphs, dark, highly detailed","comedy, bright, undetailed"
电影-阿凡达-Avatar,"Avatar {prompt} . Sci-fi, Pandora, bioluminescent, 3D, highly detailed","earthly, non-bioluminescent, 2D, undetailed"
电影-低俗小说-Pulp Fiction,"Pulp Fiction {prompt} . Crime, non-linear narrative, 90s, highly detailed","linear narrative, 2000s, undetailed"
电影-杀死比尔-Kill Bill,"Kill Bill {prompt} . Martial arts, vengeance, yellow jumpsuit, cinematic, highly detailed","peaceful, pink jumpsuit, undetailed"
电影-盗梦空间-Inception,"Inception {prompt} . Sci-fi, dream within a dream, mind-bending, cinematic, highly detailed","reality-based, straightforward, undetailed"
电影-搏击俱乐部-Fight Club,"Fight Club {prompt} . Dark, gritty, psychological drama, highly detailed","light, glossy, undramatic, undetailed"
电影-哈利·波特-Harry Potter,"Harry Potter {prompt} . Fantasy, Hogwarts, wizardry, highly detailed","science fiction, non-magical, undetailed"
电影-漫威电影宇宙-Marvel Cinematic Universe,"Marvel Cinematic Universe {prompt} . Superheroes, epic battles, colorful, highly detailed","ordinary people, small conflicts, monochrome, undetailed"
电影-DC扩展宇宙-DC Extended Universe,"DC Extended Universe {prompt} . Superheroes, grim, darker tones, highly detailed","ordinary people, cheerful, brighter tones, undetailed"
电影-权力的游戏-Game of Thrones,"Game of Thrones {prompt} . Fantasy, Westeros, dragons, highly detailed","science fiction, no dragons, undetailed"
电影-暮光之城-Twilight,"Twilight {prompt} . Romantic fantasy, vampires, Pacific Northwest, highly detailed","non-romantic, zombies, desert, undetailed"
电影-变形金刚-Transformers,"Transformers {prompt} . Sci-fi, giant robots, explosions, highly detailed","fantasy, small creatures, calm, undetailed"
电影-饥饿游戏-The Hunger Games,"The Hunger Games {prompt} . Dystopian, survival, rebellion, highly detailed","utopian, abundance, conformity, undetailed"
电影-加勒比海盗-Pirates of the Caribbean,"Pirates of the Caribbean {prompt} . Adventure, pirates, supernatural, highly detailed","domestic, non-pirates, realistic, undetailed"
电影-侏罗纪公园-Jurassic Park,"Jurassic Park {prompt} . Adventure, dinosaurs, Isla Nublar, highly detailed","undramatic, no dinosaurs, mainland, undetailed"
电影-闪灵-The Shining,"The Shining {prompt} . Horror, haunted hotel, psychological thriller, highly detailed","comedy, non-haunted hotel, undetailed"
电影-教父-The Godfather,"The Godfather {prompt} . Crime, mafia, 1940s-1950s, highly detailed","law-abiding, 2000s, undetailed"
电影-黑暗骑士-The Dark Knight,"The Dark Knight {prompt} . Superhero, gritty, Batman, Joker, highly detailed","light-hearted, Superman, undetailed"
电影-卡萨布兰卡-Casablanca,"Casablanca {prompt} . Drama, romance, WWII, highly detailed","action, non-romantic, modern day, undetailed"
电影-大白鲨-Jaws,"Jaws {prompt} . Thriller, shark, Amity Island, highly detailed","comedy, no shark, mainland, undetailed"
电影-绿野仙踪-The Wizard of Oz,"The Wizard of Oz {prompt} . Fantasy, musical, Technicolor, Oz, highly detailed","realistic, non-musical, monochrome, Kansas, undetailed"
电影-E.T.外星人-E.T.,"E.T. {prompt} . Sci-fi, family, suburban, highly detailed","fantasy, non-family, urban, undetailed"
电影-捉鬼敢死队-Ghostbusters,"Ghostbusters {prompt} . Comedy, supernatural, New York City, highly detailed","horror, natural, rural, undetailed"
电影-回到未来-Back to the Future,"Back to the Future {prompt} . Sci-fi, time travel, DeLorean, highly detailed","fantasy, time stationary, non-vehicle, undetailed"
电影-玩具总动员-Toy Story,"Toy Story {prompt} . Animated, toys come to life, friendship, highly detailed","live-action, inanimate toys, rivalry, undetailed"
电影-狮子王-The Lion King,"The Lion King {prompt} . Animated, animal kingdom, African savannah, highly detailed","live-action, human kingdom, urban, undetailed"
电影-海底总动员-Finding Nemo,"Finding Nemo {prompt} . Animated, ocean adventure, Great Barrier Reef, highly detailed","live-action, land adventure, desert, undetailed"
电影-怪物史莱克-Shrek,"Shrek {prompt} . Animated, fairytale, swamp, highly detailed","live-action, realistic, city, undetailed"
电影-小美人鱼-The Little Mermaid,"The Little Mermaid {prompt} . Animated, undersea, mermaids, highly detailed","live-action, land, humans, undetailed"
电影-阿拉丁-Aladdin,"Aladdin {prompt} . Animated, Arabian Nights, magic carpet, highly detailed","live-action, modern day, ordinary carpet, undetailed"
电影-美女与野兽-Beauty and the Beast,"Beauty and the Beast {prompt} . Animated, fairytale, enchanted castle, highly detailed","live-action, realistic, ordinary house, undetailed"
电影-灰姑娘-Cinderella,"Cinderella {prompt} . Animated, fairytale, magical transformation, highly detailed","live-action, realistic, ordinary transformation, undetailed"
电影-睡美人-Sleeping Beauty,"Sleeping Beauty {prompt} . Animated, fairytale, spinning wheel, highly detailed","live-action, realistic, sewing machine, undetailed"
电影-白雪公主-Snow White,"Snow White {prompt} . Animated, fairytale, seven dwarfs, highly detailed","live-action, realistic, seven giants, undetailed"
电影-花木兰-Mulan,"Mulan {prompt} . Animated, historical, Chinese warfare, highly detailed","live-action, futuristic, space warfare, undetailed"
电影-风中奇缘-Pocahontas,"Pocahontas {prompt} . Animated, historical, Native American, highly detailed","live-action, modern, urban American, undetailed"
电影-圣诞夜惊魂-The Nightmare Before Christmas,"The Nightmare Before Christmas {prompt} . Stop-motion, Halloween Town, Christmas Town, highly detailed","live-action, Easter Town, undetailed"
电影-冰雪奇缘-Frozen,"Frozen {prompt} . Animated, fairytale, ice magic, highly detailed","live-action, realistic, fire magic, undetailed"
电影-莫阿娜-Moana,"Moana {prompt} . Animated, Polynesian, ocean adventure, highly detailed","live-action, Nordic, mountain adventure, undetailed"
电影-长发公主-Tangled,"Tangled {prompt} . Animated, fairytale, magic hair, highly detailed","live-action, realistic, ordinary hair, undetailed"
电影-疯狂动物城-Zootopia,"Zootopia {prompt} . Animated, anthropomorphic animals, urban, highly detailed","live-action, humans, rural, undetailed"
电影-寻梦环游记-Coco,"Coco {prompt} . Animated, Dia de los Muertos, Mexican culture, highly detailed","live-action, Halloween, American culture, undetailed"
电影-勇敢传说-Brave,"Brave {prompt} . Animated, Scottish highlands, archery, highly detailed","live-action, tropical island, surfing, undetailed"
电影-头脑特工队-Inside Out,"Inside Out {prompt} . Animated, emotions, abstract, highly detailed","live-action, logical thinking, realistic, undetailed"
电影-超人总动员-The Incredibles,"The Incredibles {prompt} . Animated, superhero, family, highly detailed","live-action, villain, solitary, undetailed"
电影-飞屋环游记-Up,"Up {prompt} . Animated, adventure, flying house, highly detailed","live-action, everyday life, stationary house, undetailed"
电影-瓦力-Wall-E,"Wall-E {prompt} . Animated, post-apocalyptic, robots, highly detailed","live-action, pre-apocalyptic, humans, undetailed"
电影-美食总动员-Ratatouille,"Ratatouille {prompt} . Animated, culinary, Paris, highly detailed","live-action, non-culinary, New York, undetailed"
电影-怪兽电力公司-Monsters Inc.,"Monsters Inc. {prompt} . Animated, monsters, scare factory, highly detailed","live-action, humans, laughter factory, undetailed"
电影-汽车总动员-Cars,"Cars {prompt} . Animated, anthropomorphic cars, racing, highly detailed","live-action, humans, walking, undetailed"
电影-虫虫危机-A Bug's Life,"A Bug's Life {prompt} . Animated, insects, ant colony, highly detailed","live-action, mammals, human society, undetailed"
电影-詹姆斯·邦德-James Bond,"James Bond {prompt} . Spy, action, globe-trotting, highly detailed","romantic comedy, peace, domestic, undetailed"
电影-速度与激情-Fast and Furious,"Fast and Furious {prompt} . Action, car chases, family, highly detailed","romantic comedy, pedestrian chases, solitary, undetailed"
电影-碟中谍-Mission Impossible,"Mission Impossible {prompt} . Action, spy, impossible stunts, highly detailed","romantic comedy, everyday person, possible stunts, undetailed"
电影-侏罗纪世界-Jurassic World,"Jurassic World {prompt} . Adventure, dinosaurs, theme park, highly detailed","romantic comedy, no dinosaurs, city park, undetailed"
电影-小黄人-Minions,"Minions {prompt} . Animated, comedy, minions, highly detailed","live-action, drama, no minions, undetailed"
电影-星际穿越-Interstellar,"Interstellar {prompt} . Sci-fi, space travel, wormholes, highly detailed","romantic comedy, earth travel, roads, undetailed"
电影-圣诞怪杰-The Grinch,"The Grinch {prompt} . Animated, Christmas, Whoville, highly detailed","live-action, summer, city, undetailed"
电影-复仇者联盟4：终局之战-Avengers: Endgame,"Avengers: Endgame {prompt} . Superhero, epic battle, time travel, highly detailed","romantic comedy, small conflict, present time, undetailed"
电影-神奇女侠-Wonder Woman,"Wonder Woman {prompt} . Superhero, Amazonian, World War I, highly detailed","romantic comedy, non-Amazonian, modern day, undetailed"
电影-铁巨人-The Iron Giant,"The Iron Giant {prompt} . Animated, robot, 1950s, highly detailed","live-action, human, modern day, undetailed"
电影-哥斯拉-Godzilla,"Godzilla {prompt} . Monster, destruction, cityscape, highly detailed","romantic comedy, creation, countryside, undetailed"
电影-金刚-King Kong,"King Kong {prompt} . Monster, island, skyscraper, highly detailed","romantic comedy, mainland, low-rise, undetailed"
电影-布达佩斯大饭店-The Grand Budapest Hotel,"The Grand Budapest Hotel {prompt} . Comedy, hotel, pastel colors, highly detailed","action, wilderness, dark colors, undetailed"
电影-鱼缸-Llewyn Davis,"Inside Llewyn Davis {prompt} . Drama, folk music, 1960s, highly detailed","action, pop music, modern day, undetailed"
电影-亡命驾驶-Drive,"Drive {prompt} . Action, neon, 1980s aesthetic, highly detailed","romantic comedy, daylight, modern aesthetic, undetailed"
电影-霓虹恶魔-The Neon Demon,"The Neon Demon {prompt} . Horror, fashion, Los Angeles, highly detailed","romantic comedy, construction, New York, undetailed"
电影-它在追-It Follows,"It Follows {prompt} . Horror, supernatural, suburbia, highly detailed","romantic comedy, natural, city, undetailed"
电影-敦刻尔克-Dunkirk,"Dunkirk {prompt} . War, World War II, beach, highly detailed","romantic comedy, peace, city, undetailed"
电影-她-Her,"Her {prompt} . Romance, sci-fi, artificial intelligence, highly detailed","action, reality, human intelligence, undetailed"
电影-荒野猎人-The Revenant,"The Revenant {prompt} . Drama, survival, wilderness, highly detailed","romantic comedy, luxury, city, undetailed"
电影-爆裂鼓手-Whiplash,"Whiplash {prompt} . Drama, music, drumming, highly detailed","action, silence, no music, undetailed"
电影-水形物语-The Shape of Water,"The Shape of Water {prompt} . Fantasy, romance, aquatic creature, highly detailed","action, hatred, terrestrial creature, undetailed"
电影-鬼故事-A Ghost Story,"A Ghost Story {prompt} . Drama, supernatural, ghost, highly detailed","romantic comedy, natural, human, undetailed"
电影-佛罗里达乐园-The Florida Project,"The Florida Project {prompt} . Drama, childhood, motel, highly detailed","action, adulthood, skyscraper, undetailed"
电影-爱乐之城-La La Land,"La La Land {prompt} . Musical, romance, Los Angeles, highly detailed","action, hatred, New York, undetailed"
龙虾-The Lobster,The Lobster {prompt}. Dark comedy dystopian relationship rules  highly detailed,"romantic comedy, utopian, no relationship rules, undetailed"
电影-Ex Machina,"Ex Machina {prompt} . Sci-fi, artificial intelligence, secluded mansion, highly detailed","romantic comedy, human intelligence, bustling city, undetailed"
电影-Birdman,"Birdman {prompt} . Drama, Broadway, magical realism, highly detailed","action, Hollywood, realism, undetailed"
电影-Gravity,"Gravity {prompt} . Sci-fi, space, survival, highly detailed","romantic comedy, earth, abundance, undetailed"
电影-The Tree of Life,"The Tree of Life {prompt} . Drama, philosophical, nonlinear narrative, highly detailed","action, practical, linear narrative, undetailed"
电影-Inception,"Inception {prompt} . Sci-fi, dream manipulation, heist, highly detailed","romantic comedy, reality, gift-giving, undetailed"
电影-The Social Network,"The Social Network {prompt} . Drama, Facebook, entrepreneurship, highly detailed","action, Myspace, employment, undetailed"
电影-Moonlight,"Moonlight {prompt} . Drama, coming-of-age, Miami, highly detailed","action, aging, Los Angeles, undetailed"
电影-Roma,"Roma {prompt} . Drama, Mexico City, 1970s, highly detailed","action, New York City, modern day, undetailed"
电影-Parasite,"Parasite {prompt} . Thriller, class disparity, South Korea, highly detailed","romantic comedy, class equality, United States, undetailed"
电影-1917,"1917 {prompt} . War, World War I, single shot, highly detailed","romantic comedy, peace, multiple shots, undetailed"
电影-Jojo Rabbit,"Jojo Rabbit {prompt} . Comedy, World War II, imaginary friend, highly detailed","drama, modern day, real friend, undetailed"
电影-Joker,"Joker {prompt} . Drama, psychological, Gotham City, highly detailed","romantic comedy, psychological well-being, Metropolis, undetailed"
电影-The Lighthouse,"The Lighthouse {prompt} . Drama, isolation, lighthouse, highly detailed","romantic comedy, community, city, undetailed"
电影-Once Upon a Time in Hollywood,"Once Upon a Time in Hollywood {prompt} . Comedy-drama, 1960s Hollywood, film industry, highly detailed","action, modern Hollywood, tech industry, undetailed"
电影-The Irishman,"The Irishman {prompt} . Crime, mafia, aging, highly detailed","romantic comedy, law-abiding citizens, youth, undetailed"
电影-Uncut Gems,"Uncut Gems {prompt} . Crime, debt, gambling, highly detailed","romantic comedy, abundance, saving, undetailed"
电影-Little Women,"Little Women {prompt} . Drama, coming-of-age, Civil War era, highly detailed","action, aging, modern day, undetailed"
电影-Knives Out,"Knives Out {prompt} . Mystery, whodunit, wealthy family, highly detailed","romantic comedy, clear culprit, poor family, undetailed"
电影-Marriage Story,"Marriage Story {prompt} . Drama, divorce, bi-coastal, highly detailed","romantic comedy, marriage, same city, undetailed"
电影-Midsommar,"Midsommar {prompt} . Horror, cult, Sweden, highly detailed","romantic comedy, mainstream religion, United States, undetailed"
电影-Booksmart,"Booksmart {prompt} . Comedy, high school, overachievers, highly detailed","drama, college, underachievers, undetailed"
电影-Ford v Ferrari,"Ford v Ferrari {prompt} . Drama, racing, 1960s, highly detailed","romantic comedy, walking, modern day, undetailed"
电影-Rocketman,"Rocketman {prompt} . Musical, biographical, Elton John, highly detailed","action, fictional, ordinary person, undetailed"
电影-Ad Astra,"Ad Astra {prompt} . Sci-fi, space travel, father-son relationship, highly detailed","romantic comedy, earth travel, romantic relationship, undetailed"
电影-Waves,"Waves {prompt} . Drama, family tragedy, forgiveness, highly detailed","romantic comedy, family comedy, grudge, undetailed"
电影-The Farewell,"The Farewell {prompt} . Drama, family, cultural conflict, highly detailed","romantic comedy, strangers, cultural harmony, undetailed"
电影-Hustlers,"Hustlers {prompt} . Drama, strippers, financial crime, highly detailed","romantic comedy, office workers, financial responsibility, undetailed"
电影-Portrait of a Lady on Fire,"Portrait of a Lady on Fire {prompt} . Romance, art, 18th century France, highly detailed","action, science, modern day United States, undetailed"
电影-Pain and Glory,"Painand Glory {prompt} . Drama, filmmaking, memory, highly detailed","romantic comedy, accounting, forgetfulness, undetailed"
电影-The Two Popes,"The Two Popes {prompt} . Drama, Vatican, philosophical discussions, highly detailed","action, a small town, physical challenges, undetailed"
电影-A Beautiful Day in the Neighborhood,"A Beautiful Day in the Neighborhood {prompt} . Drama, Fred Rogers, kindness, highly detailed","action, a villainous character, ruthlessness, undetailed"
电影-The Peanut Butter Falcon,"The Peanut Butter Falcon {prompt} . Adventure, friendship, wrestling, highly detailed","romantic comedy, rivalry, chess, undetailed"
电影-The Goldfinch,"The Goldfinch {prompt} . Drama, art, trauma, highly detailed","action, science, joy, undetailed"
电影-High Life,"High Life {prompt} . Sci-fi, space travel, isolation, highly detailed","romantic comedy, road trip, companionship, undetailed"
电影-The Nightingale,"The Nightingale {prompt} . Drama, revenge, colonial Tasmania, highly detailed","romantic comedy, forgiveness, modern California, undetailed"
电影-Yesterday,"Yesterday {prompt} . Comedy, music, The Beatles, highly detailed","drama, silence, unknown band, undetailed"
电影-Doctor Sleep,"Doctor Sleep {prompt} . Horror, supernatural, The Shining sequel, highly detailed","romantic comedy, natural, standalone story, undetailed"
电影-The Farewell,"The Farewell {prompt} . Drama, family, terminal illness, highly detailed","romantic comedy, friends, good health, undetailed"
电影-John Wick 3,"John Wick 3 {prompt} . Action, assassin, relentless pursuit, highly detailed","romantic comedy, pacifist, peaceful life, undetailed"
电影-Us,"Us {prompt} . Horror, doppelg?ngers, underground, highly detailed","romantic comedy, identical twins, above ground, undetailed"
电影-The Irishman,"The Irishman {prompt} . Crime, mobster, union, highly detailed","romantic comedy, law-abiding citizen, small business, undetailed"
电影-Honey Boy,"Honey Boy {prompt} . Drama, father-son relationship, Hollywood, highly detailed","romantic comedy, mother-daughter relationship, a small town, undetailed"
电影-Joker,"Joker {prompt} . Drama, mental health, Gotham City, highly detailed","romantic comedy, mental well-being, Metropolis, undetailed"
电影-Uncut Gems,"Uncut Gems {prompt} . Crime, gambling, New York City's Diamond District, highly detailed","romantic comedy, savings, rural town, undetailed"
电影-1917,"1917 {prompt} . War, World War I, real-time, highly detailed","romantic comedy, peacetime, timeless, undetailed"
电影-Ford v Ferrari,"Ford v Ferrari {prompt} . Drama, racing, corporate politics, highly detailed","romantic comedy, walking, friendship, undetailed"
电影-Cats,"Cats {prompt} . Musical, anthropomorphic cats, surreal, highly detailed","action, ordinary humans, realism, undetailed"
电影-Jojo Rabbit,"Jojo Rabbit {prompt} . Comedy-drama, World War II, Hitler Youth, highly detailed","romantic comedy, modern day, ordinary youth, undetailed"
电影-Parasite,"Parasite {prompt} . Drama, social class, deception, highly detailed","romantic comedy, equality, honesty, undetailed"
电影-The Lion King,"The Lion King {prompt} . Animated, animal kingdom, Shakespearean, highly detailed","live-action, human kingdom, modern, undetailed"
电影-Aladdin,"Aladdin {prompt} . Animated, Middle Eastern, magic, highly detailed","live-action, Western, science, undetailed"
电影-Toy Story 4,"Toy Story 4 {prompt} . Animated, toys, adventure, highly detailed","live-action, non-living objects, ordinary life, undetailed"
电影-Avengers: Endgame,"Avengers: Endgame {prompt} . Superhero, epic, time travel, highly detailed","romantic comedy, small-scale, present day, undetailed"
电影-Star Wars: The Rise of Skywalker,"Star Wars: The Rise of Skywalker {prompt} . Sci-fi, space opera, Jedi, highly detailed","romantic comedy, earthbound, everyday person, undetailed"
电影-Downton Abbey,"Downton Abbey {prompt} . Drama, British aristocracy, period piece, highly detailed","romantic comedy, modern middle class, present day, undetailed"
电影-Frozen 2,"Frozen 2 {prompt} . Animated, fairytale, sisterhood, highly detailed","live-action, realism, rivalry, undetailed"
电影-Little Women,"Little Women {prompt} . Drama, sisters, Civil War era, highly detailed","action, brothers, modern day, undetailed"
>>>动画风格,,
2D传统动画-2D Traditional Animation,"traditional 2D animation {prompt} . hand-drawn, frames, expressive, vibrant colors, highly detailed","3D, CG, stop-motion, photo-realistic, black and white"
CGI动画-CGI Animation,"CGI animation {prompt} . 3D, photorealistic, high-quality textures and lighting, highly detailed","2D, stop-motion, anime, manga, black and white"
定格动画-Stop-Motion Animation,"stop-motion animation {prompt} . physical models, frame-by-frame, quirky, distinctive, highly detailed","2D, 3D, CG, anime, manga, black and white"
黏土动画-Claymation,"claymation {prompt} . clay models, stop-motion, handcrafted, tactile, highly detailed","2D, 3D, CG, anime, manga, black and white"
矢量动画-Vector Animation,"vector animation {prompt} . digital, clean lines, geometric shapes, bold colors, highly detailed","stop-motion, claymation, 3D, CG, black and white"
Flash动画-Flash Animation,"flash animation {prompt} . digital, vector graphics, tweening, simple shapes, highly detailed","stop-motion, claymation, 3D, CG, black and white"
转描动画-Rotoscope Animation,"rotoscope animation {prompt} . traced over live-action, realistic movement, highly detailed","stop-motion, claymation, 3D, CG, black and white"
剪纸动画-Cut-Out Animation,"cut-out animation {prompt} . paper or fabric cut-outs, stop-motion, handcrafted, highly detailed","2D, 3D, CG, anime, manga, black and white"
沙画动画-Sand Animation,"sand animation {prompt} . sand manipulated on light box, fluid movement, highly detailed","2D, 3D, CG, anime, manga, black and white"
像素艺术动画-Pixel Art Animation,"pixel art animation {prompt} . low-res, blocky, digital, 8-bit, highly detailed","stop-motion, claymation, 3D, CG, black and white"
动漫风格动画-Anime Style Animation,"anime style animation {prompt} . Japanese style, hand-drawn or digital, vibrant, unique character designs, highly detailed","western cartoons, 3D, CG, black and white"
漫画风格艺术-Manga Style Art,"manga style {prompt} . Japanese comics, black and white, unique character designs, detailed backgrounds, highly detailed","western comics, 3D, CG, vibrant colors"
萌系风格艺术-Chibi Style Art,"chibi style {prompt} . Japanese, super-deformed, cute, exaggerated features, vibrant colors, highly detailed","realistic, 3D, CG, western comics, black and white"
超扁平-Superflat,"superflat {prompt} . Japanese, postmodern art, flat planes of color, manga and anime influences, highly detailed","3D, CG, western art styles, black and white"
浮世绘-Ukiyo-e,"ukiyo-e style {prompt} . Japanese woodblock prints, flat areas of color, detailed patterns, subjects from history and mythology, highly detailed","modern, 3D, CG, western art styles, black and white"
西方漫画艺术-Western Comics Art,"western comics art {prompt} . bold lines, dynamic poses, vibrant colors, dramatic lighting, highly detailed","anime, manga, 3D, CG, black and white"
图像小说艺术-Graphic Novel Art,"graphic novel art {prompt} . detailed, expressive, ranges from black and white to full color, often more realistic than traditional comics, highly detailed","anime, manga, 3D, CG, western comics"
现代卡通-Cartoon Modern,"cartoon modern {prompt} . mid-century modern aesthetic, stylized, geometric shapes, flat colors, highly detailed","realistic, 3D, CG, anime, manga, black and white"
抽象动画-Abstract Animation,"abstract animation {prompt} . nonrepresentational, uses movement and color to create mood or emotion, highly detailed","realistic, 3D, CG, anime, manga, black and white"
剪影动画-Silhouette Animation,"silhouette animation {prompt} . black figures against light background, dramatic, based on shadow puppetry, highly detailed","colorful, 3D, CG, anime, manga, black and white"
乐一通-Looney Tunes,"Looney Tunes {prompt} . Cartoon, slapstick humor, dynamic and exaggerated character designs, colorful, vibrant, whimsical","3D, realism, manga, black and white, subdued, serious"
迪士尼经典-Disney Classic,"Disney Classic {prompt} . Animation, fairy tales, musical numbers, expressive characters, bright colors, detailed, professional","manga, anime, black and white, sketchy, rough"
吉卜力工作室-Studio Ghibli,"Studio Ghibli {prompt} . Anime, magical realism, environmental themes, unique characters, breathtaking landscapes, highly detailed","cartoon, slapstick, black and white, photo-realistic, barren"
皮克斯-Pixar,"Pixar {prompt} . 3D animation, heartwarming stories, photorealistic environments, appealing character designs, emotional depth, detailed, professional","2D, anime, manga, black and white, sketchy"
少年漫画-Shōnen,"Shōnen {prompt} . Manga, action-packed, youthful characters, dynamic battles, inspiring themes, highly detailed","Disney, Pixar, black and white, realism, romantic comedy"
机甲-Mecha,"Mecha {prompt} . Anime, robots, futuristic technologies, dynamic battles, detailed mechanical designs, highly detailed","Disney, Pixar, cartoon, Looney Tunes, realism, fairy tales"
少女漫画-Shojo,"Shojo {prompt} . Manga, romantic themes, delicate art style, emotional narratives, highly detailed","action, mecha, 3D, Pixar, black and white, barren"
尼克儿童频道-Nickelodeon,"Nickelodeon {prompt} . Cartoon, humor, dynamic characters, wacky and colorful designs, highly detailed","anime, manga, black and white, sketchy, serious"
卡通网络-Cartoon Network,"Cartoon Network {prompt} . Cartoon, humor, dynamic characters, unique and abstract designs, highly detailed","anime, manga, black and white, sketchy, serious"
成人泳池-Adult Swim,"Adult Swim {prompt} . Animation, adult humor, surreal themes, unique and abstract designs, highly detailed","children's cartoons, Disney, fairy tales, bright colors, traditional"
探险活宝-Adventure Time,"Adventure Time {prompt} . Cartoon, fantasy themes, quirky characters, vibrant colors, highly detailed","anime, manga, black and white, sketchy, serious"
瑞克和莫蒂-Rick and Morty,"Rick and Morty {prompt} . Cartoon, science fiction, adult humor, unique and abstract designs, highly detailed","children's cartoons, Disney, fairy tales, bright colors, traditional"
南方公园-South Park,"South Park {prompt} . Animation, satire, crude humor, simplistic designs, highly detailed","anime, manga, Disney, Pixar, detailed, professional"
辛普森一家-The Simpsons,"The Simpsons {prompt} . Animation, satire, family themes, recognizable yellow characters, highly detailed","anime, manga, Disney, Pixar, black and white"
家庭伙伴-Family Guy,"Family Guy {prompt} . Animation, adult humor, satirical themes, cartoonish designs, highly detailed","anime, manga, Disney, Pixar, black and white"
开心汉堡店-Bob's Burgers,"Bob's Burgers {prompt} . Animation, family themes, humor, quirky characters, highly detailed","anime, manga, Disney, Pixar, black and white"
怪诞小镇-Gravity Falls,"Gravity Falls {prompt} . Cartoon, mystery, fantasy themes, unique character designs, highly detailed","anime, manga, Disney, Pixar, black and white"
宇宙小子-Steven Universe,"Steven Universe {prompt} . Cartoon, LGBTQ+ themes, fantasy, vibrant colors, unique character designs, highly detailed","anime, manga, Disney, Pixar, black and white"
海贼王-One Piece,"One Piece {prompt} . Manga, adventure, pirates, dynamic battles, unique character designs, highly detailed","cartoon, realism, Disney, Pixar, black and white"
进击的巨人-Attack on Titan,"Attack on Titan {prompt} . Anime, dystopian, giants, dynamic battles, highly detailed","cartoon, realism, Disney, Pixar, black and white"
我的英雄学院-My Hero Academia,"My Hero Academia {prompt} . Anime, superhero, high school, dynamic battles, unique character designs, highly detailed","cartoon, realism, Disney, Pixar, black and white"
火影忍者-Naruto,"Naruto {prompt} . Anime, ninjas, coming-of-age, dynamic battles, unique character designs, highly detailed","cartoon, realism, Disney, Pixar, black and white"
龙珠Z-Dragon Ball Z,"Dragon Ball Z {prompt} . Anime, martial arts, aliens, dynamic battles, unique character designs, highly detailed","cartoon, realism, Disney, Pixar, black and white"
美少女战士-Sailor Moon,"Sailor Moon {prompt} . Anime, magical girls, romance, unique character designs, highly detailed","cartoon, realism, Disney, Pixar, black and white"
星际牛仔-Cowboy Bebop,"Cowboy Bebop {prompt} . Anime, space western, bounty hunters, noir themes, highly detailed","cartoon, realism, Disney, Pixar, black and white"
>>>游戏,,
泡泡龙-game-bubble bobble,"Bubble Bobble style {prompt} . 8-bit, cute, pixelated, fantasy, vibrant, reminiscent of Bubble Bobble game","realistic, modern, photorealistic, violent, horror"
赛博朋克-game-cyberpunk game,"cyberpunk game style {prompt} . neon, dystopian, futuristic, digital, vibrant, detailed, high contrast, reminiscent of cyberpunk genre video games","historical, natural, rustic, low detailed"
格斗-game-fighting game,"fighting game style {prompt} . dynamic, vibrant, action-packed, detailed character design, reminiscent of fighting video games","peaceful, calm, minimalist, photorealistic"
马里奥-game-mario,"Super Mario style {prompt} . vibrant, cute, cartoony, fantasy, playful, reminiscent of Super Mario series","realistic, modern, horror, dystopian, violent"
我的世界-game-minecraft,"Minecraft style {prompt} . blocky, pixelated, vibrant colors, recognizable characters and objects, game assets","smooth, realistic, detailed, photorealistic, noise, blurry, deformed"
宝可梦-game-Pokémon,"Pokémon style {prompt} . vibrant, cute, anime, fantasy, reminiscent of Pokémon series","realistic, modern, horror, dystopian, violent"
复古街机-game-retro arcade,"retro arcade style {prompt} . 8-bit, pixelated, vibrant, classic video game, old school gaming, reminiscent of 80s and 90s arcade games","modern, ultra-high resolution, photorealistic, 3D"
复古-game-retro game,"retro game art {prompt} . 16-bit, vibrant colors, pixelated, nostalgic, charming, fun","realistic, photorealistic, 35mm film, deformed, glitch, low contrast, noisy"
RPG幻想-game-rpg fantasy game,"role-playing game (RPG) style fantasy {prompt} . detailed, vibrant, immersive, reminiscent of high fantasy RPG games","sci-fi, modern, urban, futuristic, low detailed"
策略-game-strategy game,"strategy game style {prompt} . overhead view, detailed map, units, reminiscent of real-time strategy video games","first-person view, modern, photorealistic"
街头霸王-game-streetfighter,"Street Fighter style {prompt} . vibrant, dynamic, arcade, 2D fighting game, highly detailed, reminiscent of Street Fighter series","3D, realistic, modern, photorealistic, turn-based strategy"
塞尔达传说-game-zelda,"Legend of Zelda style {prompt} . vibrant, fantasy, detailed, epic, heroic, reminiscent of The Legend of Zelda series","sci-fi, modern, realistic, horror"
